dataset,label
CrossPlatform (Android),com.akosha.directtalk
CrossPlatform (Android),co.happybits.marcopolo
CrossPlatform (Android),com.immomo.momo
CrossPlatform (Android),sh.whisper
CrossPlatform (Android),com.reddit.frontpage
CrossPlatform (Android),com.imo.android.imoim
CrossPlatform (Android),com.qzone
CrossPlatform (Android),com.google.android.apps.tachyon
CrossPlatform (Android),com.renren.mobile.android
CrossPlatform (Android),com.zhihu.android
CrossPlatform (Android),com.zoosk.zoosk
CrossPlatform (Android),im.yixin
CrossPlatform (Android),dating.app.chat.flirt.wgbcv
CrossPlatform (Android),com.sina.weibo
CrossPlatform (Android),club.fromfactory
CrossPlatform (Android),com.tencent.mobileqq
CrossPlatform (Android),com.lanjingren.ivwen
CrossPlatform (Android),com.happyelements.AndroidAnimal.qq
CrossPlatform (Android),com.wSugarMommasDating_4791482
CrossPlatform (Android),com.match.android.matchmobile
CrossPlatform (Android),fakevideocall.jojo.siwacall
CrossPlatform (Android),com.okcupid.okcupid
CrossPlatform (Android),com.uc.browser.en
CrossPlatform (Android),com.tencent.mtt
CrossPlatform (Android),com.iflytek.inputmethod
CrossPlatform (Android),com.iooly.android.lockscreen
CrossPlatform (Android),mitmdump-chris-app-2017-09-14-06-13-1505369624-10.101.2.6-8092
CrossPlatform (Android),com.dewmobile.kuaiya
CrossPlatform (Android),com.Splitwise.SplitwiseMobile
CrossPlatform (Android),com.cuvora.carinfo
CrossPlatform (Android),tv.peel.app
CrossPlatform (Android),com.adpmobile.android
CrossPlatform (Android),com.opera.mini.native
CrossPlatform (Android),net.cybrook.trackview
CrossPlatform (Android),com.baidu.BaiduMap
CrossPlatform (Android),pl.planmieszkania.android
CrossPlatform (Android),com.lenovo.anyshare.gps
CrossPlatform (Android),com.trackview
CrossPlatform (Android),com.powertools.booster
CrossPlatform (Android),com.jiubang.fastestflashlight
CrossPlatform (Android),com.lazyswipe
CrossPlatform (Android),com.palabs.artboard
CrossPlatform (Android),com.xpro.camera.lite
CrossPlatform (Android),com.steam.photoeditor
CrossPlatform (Android),com.xunlei.downloadprovider
CrossPlatform (Android),appinventor.ai_reflectiveapps.rbxlook
CrossPlatform (Android),com.zalebox.room.painting.ideas.s1
CrossPlatform (Android),com.abtnprojects.ambatana
CrossPlatform (Android),com.UCMobile
CrossPlatform (Android),mitmdump-chris-app-2017-09-13-07-17-1505287023-10.101.2.6-8092
CrossPlatform (Android),mitmdump-chris-app-2017-09-15-21-17-1505510278-10.101.2.6-8093
CrossPlatform (Android),mitmdump-arao-droid-2017-10-12-01-53-1507773234-10.101.2.3-8082
CrossPlatform (Android),com.smartkeyboard.emoji
CrossPlatform (Android),com.tool.power
CrossPlatform (Android),mitmdump-chris-app-2017-09-15-20-59-1505509157-10.101.2.6-8093
CrossPlatform (Android),com.jb.go.musicplayer.mp3player
CrossPlatform (Android),com.shoujiduoduo.ringtone
CrossPlatform (Android),com.outfit7.talkingtom
CrossPlatform (Android),com.espn.score_center
CrossPlatform (Android),com.itings.myradio
CrossPlatform (Android),net.zedge.android
CrossPlatform (Android),com.pinterest
CrossPlatform (Android),com.tencent.tmgp.yqqskp
CrossPlatform (Android),com.dccomics.comics
CrossPlatform (Android),tv.telepathic.hooked
CrossPlatform (Android),com.poker.clubs.wallpapers.cute.anime.girl
CrossPlatform (Android),com.bt.bms
CrossPlatform (Android),fm.xiami.main
CrossPlatform (Android),com.tencent.qqmusic
CrossPlatform (Android),com.jiubang.go.music
CrossPlatform (Android),com.google.samples.apps.cardboarddemo
CrossPlatform (Android),fm.qingting.qtradio
CrossPlatform (Android),com.tencent.radio
CrossPlatform (Android),fm.castbox.audiobook.radio.podcast
CrossPlatform (Android),com.gaana
CrossPlatform (Android),com.changba
CrossPlatform (Android),fakevideocall.chase.pawpatrol
CrossPlatform (Android),com.spotify.music
CrossPlatform (Android),com.hzfb.racing8.tx
CrossPlatform (Android),com.hunantv.imgo.activity
CrossPlatform (Android),com.outfit7.mytalkinghank
CrossPlatform (Android),com.pandora.android
CrossPlatform (Android),com.mt.mtxx.mtxx
CrossPlatform (Android),com.duomi.android
CrossPlatform (Android),com.kuaikan.comic
CrossPlatform (Android),com.tencent.tmgp.huluwa
CrossPlatform (Android),bubei.tingshu
CrossPlatform (Android),com.qiyi.video
CrossPlatform (Android),com.happyelements.AndroidClover.www
CrossPlatform (Android),com.ea.simcitymobile.tx
CrossPlatform (Android),com.duowan.kiwi
CrossPlatform (Android),com.bsbportal.music
CrossPlatform (Android),com.Dominos
CrossPlatform (Android),com.india.foodpanda.android
CrossPlatform (Android),com.dianping.v1
CrossPlatform (Android),com.ubercab.eats
CrossPlatform (Android),com.zoneyet.gaga
CrossPlatform (Android),com.application.zomato
CrossPlatform (Android),com.done.faasos
CrossPlatform (Android),com.xiachufang
CrossPlatform (Android),com.goodrx
CrossPlatform (Android),com.jardogs.fmhmobile
CrossPlatform (Android),com.carezone.caredroid.careapp.medications
CrossPlatform (Android),com.practo.fabric
CrossPlatform (Android),com.babycenter.pregnancytracker
CrossPlatform (Android),com.healthifyme.basic
CrossPlatform (Android),com.yoga.pro.google.paid
CrossPlatform (Android),com.fitness.center.seven.minute.workout
CrossPlatform (Android),com.fitbit.FitbitMobile
CrossPlatform (Android),com.sharper.yoga
CrossPlatform (Android),easypedeometer.herzberg.com.stepcounter
CrossPlatform (Android),com.seven.fitness.workout
CrossPlatform (Android),com.google.android.apps.primer
CrossPlatform (Android),com.handsgo.jiakao.android
CrossPlatform (Android),com.colorjoy.Learn.to.draw.glow.c
CrossPlatform (Android),com.colorjoy.learn.to.draw.glow.comics
CrossPlatform (Android),com.byjus.thelearningapp
CrossPlatform (Android),HinKhoj.Dictionary
CrossPlatform (Android),com.baidu.homework
CrossPlatform (Android),br.com.escolhatecnologia.vozdonarrador
CrossPlatform (Android),com.amazon.kindle
CrossPlatform (Android),com.youdao.dict
CrossPlatform (Android),com.lumoslabs.lumosity
CrossPlatform (Android),org.khanacademy.android
CrossPlatform (Android),com.fenbi.android.solar
CrossPlatform (Android),com.duowan.mobile
CrossPlatform (Android),com.foxsports.videogo
CrossPlatform (Android),com.youku.phone
CrossPlatform (Android),com.sohu.sohuvideo
CrossPlatform (Android),com.letv.android.client
CrossPlatform (Android),com.qihoo.video
CrossPlatform (Android),tv.danmaku.bili
CrossPlatform (Android),com.tencent.qqlive
CrossPlatform (Android),com.ss.android.article.news
CrossPlatform (Android),com.ifeng.fhdt
CrossPlatform (Android),cn.cntvnews
CrossPlatform (Android),com.winit.starnews.hin
CrossPlatform (Android),com.tencent.news
CrossPlatform (Android),com.tiexue.mobile.topnews
CrossPlatform (Android),in.AajTak.headlines
CrossPlatform (Android),com.newsdog
CrossPlatform (Android),com.ifeng.news2
CrossPlatform (Android),me.ht.local.hot
CrossPlatform (Android),com.jifen.qukan
CrossPlatform (Android),com.particlenews.newsbreak
CrossPlatform (Android),com.netease.newsreader.activity
CrossPlatform (Android),com.zhejiangdaily
CrossPlatform (Android),com.sina.news
CrossPlatform (Android),sina.mobile.tianqitong
CrossPlatform (Android),com.jabong.android
CrossPlatform (Android),com.thestore.main
CrossPlatform (Android),com.flipkart.android
CrossPlatform (Android),com.paytmmall
CrossPlatform (Android),com.shopping.limeroad
CrossPlatform (Android),com.ulta
CrossPlatform (Android),com.shopclues
CrossPlatform (Android),com.olx.southasia
CrossPlatform (Android),com.culiu.qqpurchase
CrossPlatform (Android),com.carwale
CrossPlatform (Android),com.amazon.tahoe
CrossPlatform (Android),com.snapdeal.main
CrossPlatform (Android),com.alibaba.aliexpresshd
CrossPlatform (Android),com.amazon.mShop.android.shopping
CrossPlatform (Android),in.amazon.mShop.android.shopping
CrossPlatform (Android),com.contextlogic.wish
CrossPlatform (Android),com.sephora
CrossPlatform (Android),naukriApp.appModules.login
CrossPlatform (Android),com.msm.lhmsappolice
CrossPlatform (Android),com.zillow.android.zillowmap
CrossPlatform (Android),com.indeed.android.jobsearch
CrossPlatform (Android),epic.mychart.android
CrossPlatform (Android),in.lucidify.remindme
CrossPlatform (Android),dev.gautam.bbkiwines
CrossPlatform (Android),com.timesgroup.magicbricks
CrossPlatform (Android),com.carmax.carmax
CrossPlatform (Android),com.szzc.ucar.pilot
CrossPlatform (Android),com.tekoia.sure.activities
CrossPlatform (Android),com.aranoah.healthkart.plus
CrossPlatform (Android),com.tilzmatictech.mobile.navigation.delhimetronavigator
CrossPlatform (Android),com.sdu.didi.psnger
CrossPlatform (Android),com.houzz.app
CrossPlatform (Android),com.tieyou.train.ark
CrossPlatform (Android),com.autopten.cheapcarsforsale
CrossPlatform (Android),com.coomix.app.bus
CrossPlatform (Android),com.trulia.android
CrossPlatform (Android),com.voiceMap.navigationTracker
CrossPlatform (Android),com.moji.mjweather
CrossPlatform (Android),com.aikan
CrossPlatform (Android),com.ximalaya.ting.android
CrossPlatform (Android),com.narendramodiapp
CrossPlatform (Android),com.appsilo.paheli
CrossPlatform (Android),bibleverses.bibleverse.bible.biblia.verse.devotion
CrossPlatform (Android),com.toi.reader.activities
CrossPlatform (Android),com.audible.application
CrossPlatform (Android),com.qidian.QDReader
CrossPlatform (Android),com.ophone.reader.ui
CrossPlatform (Android),com.ss.android.article.master
CrossPlatform (Android),com.tencent.reading
CrossPlatform (Android),com.naver.linewebtoon
CrossPlatform (Android),com.iconology.comics
CrossPlatform (Android),com.esbook.reader
CrossPlatform (Android),com.book2345.reader
CrossPlatform (Android),com.ushaqi.zhuishushenqi
CrossPlatform (Android),com.baidu.wenku
CrossPlatform (Android),com.qq.reader
CrossPlatform (Android),com.shuqi.controller
CrossPlatform (Android),ctrip.android.view
CrossPlatform (Android),com.hangoverstudios.vehicleinfo
CrossPlatform (Android),com.girnarsoft.cardekho
CrossPlatform (Android),com.Qunar
CrossPlatform (Android),com.autonavi.minimap
CrossPlatform (Android),com.tongcheng.android
CrossPlatform (Android),com.ygkj.chelaile.standard
CrossPlatform (Android),com.tuniu.app.ui
CrossPlatform (Android),com.mfw.roadbook
CrossPlatform (iOS),google
CrossPlatform (iOS),gmail-email-by-google
CrossPlatform (iOS),accuweather-weather-for-life
CrossPlatform (iOS),app-locker-app-lock-hide-safe-with-fingerprint
CrossPlatform (iOS),1mg
CrossPlatform (iOS),google-drive
CrossPlatform (iOS),truecaller-spam-identification-block
CrossPlatform (iOS),uc-browser-fast-browsing-powerful-ad-block
CrossPlatform (iOS),my-airtel-recharge-pay-bill-payments-bank
CrossPlatform (iOS),waze-navigation-live-traffic
CrossPlatform (iOS),sougoushurufa
CrossPlatform (iOS),scanner-app-pdf-document-scan
CrossPlatform (iOS),google-drive-secure-online-file-storage
CrossPlatform (iOS),myradar-weather-radar
CrossPlatform (iOS),google-docs
CrossPlatform (iOS),gps-navigation-be-on-road
CrossPlatform (iOS),navmii-gps-india-offline-navigation
CrossPlatform (iOS),weather-radar
CrossPlatform (iOS),camscanner
CrossPlatform (iOS),google-translate
CrossPlatform (iOS),paypal-send-receive-money
CrossPlatform (iOS),speedtest-by-ookla
CrossPlatform (iOS),dictionary
CrossPlatform (iOS),google-maps-navigation-transport
CrossPlatform (iOS),google-chrome
CrossPlatform (iOS),hindi-dictionary-english-hindi-translator
CrossPlatform (iOS),delhi-ncr-metro
CrossPlatform (iOS),dictionary-com-dictionary-thesaurus
CrossPlatform (iOS),zhihu
CrossPlatform (iOS),shareit-connect-transfer
CrossPlatform (iOS),flashlight
CrossPlatform (iOS),photomath-camera-calculator
CrossPlatform (iOS),hotspotshield-vpn-wifi-proxy
CrossPlatform (iOS),bitmoji
CrossPlatform (iOS),renren
CrossPlatform (iOS),aibajiaoyou
CrossPlatform (iOS),Buzzfeed
CrossPlatform (iOS),yelp-discover-local-favorites
CrossPlatform (iOS),secret-apps-the-secret-locker-for-photo-video
CrossPlatform (iOS),secret-apps-the-locker
CrossPlatform (iOS),sarahah
CrossPlatform (iOS),gmail-email-by-google-secure-fast-organised
CrossPlatform (iOS),tinder
CrossPlatform (iOS),people-magazine
CrossPlatform (iOS),google-duo-simple-video-calling
CrossPlatform (iOS),pinterest
CrossPlatform (iOS),kuaishou
CrossPlatform (iOS),qqkongjian
CrossPlatform (iOS),happn-dating-app-find-and-meet-your-crush
CrossPlatform (iOS),hike-messenger
CrossPlatform (iOS),baidutieba
CrossPlatform (iOS),yarn-chat-text-stories
CrossPlatform (iOS),yy
CrossPlatform (iOS),momomomo
CrossPlatform (iOS),musical-ly-your-video-social-network
CrossPlatform (iOS),text-free-texting-app-sms
CrossPlatform (iOS),dubsmash
CrossPlatform (iOS),qq
CrossPlatform (iOS),weibo
CrossPlatform (iOS),Snapchat
CrossPlatform (iOS),tbh
CrossPlatform (iOS),pocket-pool
CrossPlatform (iOS),snake-vs-block
CrossPlatform (iOS),jiezoudashi
CrossPlatform (iOS),menghuanjiayuan
CrossPlatform (iOS),flipagram
CrossPlatform (iOS),ludo-king
CrossPlatform (iOS),subway-surfers
CrossPlatform (iOS),dream11-fantasy-sports-cricket-kabaddi-football
CrossPlatform (iOS),leps-world-free-platformer-games
CrossPlatform (iOS),tanchishedazuozhan
CrossPlatform (iOS),8-ball-pool
CrossPlatform (iOS),trivia-crack
CrossPlatform (iOS),nfl
CrossPlatform (iOS),kaixinxiaoxiaole
CrossPlatform (iOS),rolly-vortex
CrossPlatform (iOS),jetpack-joyride
CrossPlatform (iOS),color-ballz
CrossPlatform (iOS),wangzherongyao
CrossPlatform (iOS),dancing-line
CrossPlatform (iOS),qiuqiudazuozhanbob
CrossPlatform (iOS),my-talking-tom
CrossPlatform (iOS),puzzledom
CrossPlatform (iOS),grubhub-food-delivery-takeout
CrossPlatform (iOS),mcdonalds
CrossPlatform (iOS),starbucks
CrossPlatform (iOS),ubereats-food-delivery-fast
CrossPlatform (iOS),swiggy-food-order-delivery
CrossPlatform (iOS),dominos-pizza-usa
CrossPlatform (iOS),medscape
CrossPlatform (iOS),practo-your-home-for-health
CrossPlatform (iOS),pharmeasy-healthcare-app
CrossPlatform (iOS),netmeds-india-ki-pharmacy
CrossPlatform (iOS),followmyhealth
CrossPlatform (iOS),goodrx-save-on-prescriptions
CrossPlatform (iOS),myfitnesspal
CrossPlatform (iOS),fitness-for-weight-loss-personalized-workout-plan
CrossPlatform (iOS),lose-it-calorie-counter
CrossPlatform (iOS),nike-run-club
CrossPlatform (iOS),peak-brain-training
CrossPlatform (iOS),epocrates-medical-references
CrossPlatform (iOS),mychart
CrossPlatform (iOS),fitbit
CrossPlatform (iOS),tiantiankupao
CrossPlatform (iOS),boxford-english-dictionary-2017
CrossPlatform (iOS),oxford-english-dictionary-2017
CrossPlatform (iOS),byjus-the-learning-app
CrossPlatform (iOS),khan-academy-you-can-learn-anything
CrossPlatform (iOS),baicizhan
CrossPlatform (iOS),duolingo-learn-spanish-french-and-more
CrossPlatform (iOS),wikipedia
CrossPlatform (iOS),bible
CrossPlatform (iOS),kindle-read-ebooks-magazines-textbooks
CrossPlatform (iOS),scribd-reading-subscription
CrossPlatform (iOS),google-play-books
CrossPlatform (iOS),ted
CrossPlatform (iOS),tengxunshipin
CrossPlatform (iOS),youku
CrossPlatform (iOS),amazon-prime-video
CrossPlatform (iOS),voot-tv-shows-movies-cartoons
CrossPlatform (iOS),youtube-watch-listen-stream
CrossPlatform (iOS),hotstar
CrossPlatform (iOS),live-wallpapers-and-themes-now
CrossPlatform (iOS),mx-video-player-hd-video-player-for-iphone-ipad
CrossPlatform (iOS),aiqiyi
CrossPlatform (iOS),vivavideo-video-editor-photo-movie-maker
CrossPlatform (iOS),amc
CrossPlatform (iOS),voice-changer-creator-and-player
CrossPlatform (iOS),like-magic-music-video-maker
CrossPlatform (iOS),usa-today
CrossPlatform (iOS),ndtv
CrossPlatform (iOS),newsroom-news-worth-sharing
CrossPlatform (iOS),espn-live-sports-scores
CrossPlatform (iOS),dailyhunt-formerly-newshunt
CrossPlatform (iOS),india-today
CrossPlatform (iOS),fox-news-live-breaking-news
CrossPlatform (iOS),cnn-breaking-us-world-news
CrossPlatform (iOS),the-new-york-times
CrossPlatform (iOS),narendra-modi
CrossPlatform (iOS),national-geographic-magazine
CrossPlatform (iOS),espncricinfo-cricket
CrossPlatform (iOS),cricbuzz-live-cricket-scores-news
CrossPlatform (iOS),filmfare-magazine
CrossPlatform (iOS),autocar-india-mag
CrossPlatform (iOS),the-wall-street-journal
CrossPlatform (iOS),bcci
CrossPlatform (iOS),bbc-news
CrossPlatform (iOS),the-times-of-india
CrossPlatform (iOS),forbes-india
CrossPlatform (iOS),groupon
CrossPlatform (iOS),wish-shopping-made-fun
CrossPlatform (iOS),shein-shopping-womens-clothing-fashion
CrossPlatform (iOS),goibibo
CrossPlatform (iOS),letgo-buy-sell-secondhand
CrossPlatform (iOS),amazon
CrossPlatform (iOS),ebay-buy-sell-save-money
CrossPlatform (iOS),58tongcheng
CrossPlatform (iOS),xender-file-transfer-sharing
CrossPlatform (iOS),amazon-shopping-made-easy
CrossPlatform (iOS),jabong-online-shopping-for-fashion
CrossPlatform (iOS),club-factory-fair-price
CrossPlatform (iOS),walmart-shopping-and-saving
CrossPlatform (iOS),ola-cabs-book-a-taxi-with-one-touch
CrossPlatform (iOS),oyo-hotel-booking-app
CrossPlatform (iOS),fire-rides
CrossPlatform (iOS),opentable
CrossPlatform (iOS),baidulvyou
CrossPlatform (iOS),google-maps-gps-navigation
CrossPlatform (iOS),indian-railway-irctc-pnr-status
CrossPlatform (iOS),dataoshajuedichiji
CrossPlatform (iOS),weather-live-weather-forecast-temperature
CrossPlatform (iOS),zillow-real-estate-rentals
CrossPlatform (iOS),yahoo-weather
CrossPlatform (iOS),makemytrip-flights-hotels-buses
CrossPlatform (iOS),paytm-payments-wallet-recharges
CrossPlatform (iOS),olx-buy-sell-near-you
CrossPlatform (iOS),meiyanxiangji
CrossPlatform (iOS),perfect365
CrossPlatform (iOS),jianyujiayuan
CrossPlatform (iOS),layout-from-instagram
CrossPlatform (iOS),photable-photo-editor-collage-maker
CrossPlatform (iOS),b612kaji
CrossPlatform (iOS),beautyplus-selfie-camera-for-a-beautiful-image
CrossPlatform (iOS),google-photos
CrossPlatform (iOS),sing-karaoke-by-smule
CrossPlatform (iOS),tiantianaixiaochu
CrossPlatform (iOS),dune
CrossPlatform (iOS),colorfy-coloring-book
CrossPlatform (iOS),picsart-photo-studio-collage-maker-pic-editor
CrossPlatform (iOS),meipian
CrossPlatform (iOS),soundcloud-music-audio
CrossPlatform (iOS),spotify-music
CrossPlatform (iOS),pandora-music
CrossPlatform (iOS),hungama-music-songs-radio-videos
CrossPlatform (iOS),saavn-music-radio
CrossPlatform (iOS),tuunes-ringtones-music-text-tones-for-iphone
CrossPlatform (iOS),wynk-music-hindi-and-english-songs
ISCXVPN2016,vimeo
ISCXVPN2016,spotify
ISCXVPN2016,youtube
ISCXVPN2016,netflix
ISCXVPN2016,facebook
ISCXVPN2016,skype
ISCXVPN2016,hangouts
ISCXVPN2016,aim
ISCXVPN2016,icq
ISCXVPN2016,email
ISCXVPN2016,voipbuster
ISCXVPN2016,ftps
ISCXVPN2016,sftp
ISCXVPN2016,bittorrent
USTC-TFC2016,Geodo
USTC-TFC2016,Cridex
USTC-TFC2016,Tinba
USTC-TFC2016,Shifu
USTC-TFC2016,Virut
USTC-TFC2016,Zeus
USTC-TFC2016,Nsis-ay
USTC-TFC2016,Neris
USTC-TFC2016,Miuref
USTC-TFC2016,Htbot
USTC-TFC2016,Gmail
USTC-TFC2016,Weibo
USTC-TFC2016,Skype
USTC-TFC2016,Facetime
USTC-TFC2016,Outlook
USTC-TFC2016,WorldOfWarcraft
USTC-TFC2016,FTP
USTC-TFC2016,SMB
USTC-TFC2016,MySQL
USTC-TFC2016,BitTorrent
CICIoT2022,home_eye
CICIoT2022,simcam
CICIoT2022,ring
CICIoT2022,luohe
CICIoT2022,arlo
CICIoT2022,borun
CICIoT2022,amcrest
CICIoT2022,heim
CICIoT2022,netatmo
CICIoT2022,echo
CICIoT2022,sonos
CICIoT2022,atomi_coffee_maker
CICIoT2022,eufy
CICIoT2022,smart_board
CICIoT2022,globe_lamp
CICIoT2022,philips
CICIoT2022,plug
CICIoT2022,gosund
CICIoT2022,teckin
DoHBrw2020,Cloudflare
DoHBrw2020,iodine
DoHBrw2020,dnscat2
DoHBrw2020,AdGuard
DoHBrw2020,dns2tcp
DoHBrw2020,Quad9
DoHBrw2020,Google

